{
  "project_info": {
    "project_number": "574800064202",
    "project_id": "naturecollection-9fe2d",
    "storage_bucket": "naturecollection-9fe2d.appspot.com"
  },
  "client": [
    {
      "client_info": {
        "mobilesdk_app_id": "1:574800064202:android:37620dc7e32d0308da4e33",
        "android_client_info": {
          "package_name": "com.example.tuto"
        }
      },
      "oauth_client": [
        {
          "client_id": "574800064202-omf5upj6fg9v9bgnisugsl2ge901qk04.apps.googleusercontent.com",
          "client_type": 3
        }
      ],
      "api_key": [
        {
          "current_key": "AIzaSyAoZcEjNppUw_e1oGDSBEqHTdy2MNe8C1Y"
        }
      ],
      "services": {
        "appinvite_service": {
          "other_platform_oauth_client": [
            {
              "client_id": "574800064202-omf5upj6fg9v9bgnisugsl2ge901qk04.apps.googleusercontent.com",
              "client_type": 3
            }
          ]
        }
      }
    }
  ],
  "configuration_version": "1"
}